type,Conclusion,Other,Uncertainty Management
control,0.0,0.03308823529411765,0.0175
intervention,0.125,0.029411764705882353,0.055
