type,Conclusion,Other,Planning,Uncertainty Management
control,0.7375,0.5714285714285714,0.65625,0.5370370370370371
intervention,0.75625,0.5089285714285714,0.6979166666666666,0.5277777777777778
